{
  "minecraft:entity": {
    "format_version": "1.2.0",

    "component_groups": {
      "minecraft:baby": {
        "minecraft:type_family": {
          "family": [ "turtle", "baby_turtle" ]
        },
        "minecraft:collision_box": {
          "width": 0.6,
          "height": 0.2
        },
        "minecraft:underwater_movement": {
          "value": 0.06
        },
        "minecraft:is_baby": {
        },
        "minecraft:scale": {
          "value": 0.16
        },
        "minecraft:behavior.move_to_water": {
          "priority": 1,
          "search_range": 15,
          "search_height": 5,
          "goal_radius": 0.1
        },
        "minecraft:ageable": {
          "duration": 1200,
          "feedItems": [
            "seagrass"
          ],
          "drop_items": [
            "turtle_shell_piece"
          ],
          "grow_up": {
            "event": "minecraft:ageable_grow_up",
            "target": "self"
          }
        }
      },

      "minecraft:adult": {
        "minecraft:type_family": {
          "family": [ "turtle" ]
        },
        "minecraft:collision_box": {
          "width": 1.2,
          "height": 0.4
        },
        "minecraft:underwater_movement": {
          "value": 0.12
        },
        "minecraft:loot": {
          "table": "loot_tables/entities/sea_turtle.json"
        },
        "minecraft:breedable": {
          "requireTame": false,
          "causes_pregnancy": true,
          "breedsWith": {
            "mateType": "minecraft:turtle",
            "babyType": "minecraft:turtle",
            "breed_event": {
              "event": "minecraft:become_pregnant",
              "target": "self"
            }
          },
          "breedItems": [
            "seagrass"
          ]
        },
        "minecraft:behavior.breed": {
          "priority": 2,
          "speed_multiplier": 1.0
        },
        "minecraft:behavior.move_to_land": {
          "priority": 6,
          "search_range": 16,
          "search_height": 5,
          "goal_radius": 0.5
        },
        "minecraft:behavior.random_stroll": {
          "priority": 9,
          "interval": 100
        }
      },

      "minecraft:pregnant": {
        "minecraft:behavior.go_home": {
          "priority": 1,
          "speed_multiplier": 1.0,
          "interval": 700,
          "goal_radius": 4.0,
          "on_home": {
            "event": "minecraft:go_lay_egg",
            "target": "self"
          }
        }
      },

      "minecraft:wants_to_lay_egg": {
        "minecraft:behavior.lay_egg": {
          "priority": 1,
          "speed_multiplier": 1.0,
          "search_range": 16,
          "search_height": 4,
          "goal_radius": 1.0,
          "on_lay": {
            "event": "minecraft:laid_egg",
            "target": "self"
          }
        }
      }
    },

    "components": {
      "minecraft:identifier": {
        "id": "minecraft:turtle"
      },
      "minecraft:breathable": {
        "totalSupply": 15,
        "suffocateTime": 0,
        "breathesWater": true,
        "breathesAir": true,
        "generatesBubbles": false
      },
      "minecraft:nameable": {
      },
      "minecraft:health": {
        "value": 30
      },
      "minecraft:movement": {
        "value": 0.1
      },
      "minecraft:navigation.generic": {
        "is_amphibious": true,
        "can_path_over_water": false,
        "can_swim": true,
        "can_walk": true,
        "can_sink": false,
        "avoid_damage_blocks": true
      },
      "minecraft:movement.amphibious": {
        "max_turn": 5.0
      },
      "minecraft:jump.static": {
      },
      "minecraft:physics": {
      },
      "minecraft:home": {
      },
      "minecraft:follow_range": {
        "value": 1024
      },

      "minecraft:behavior.panic": {
        "priority": 0,
        "prefer_water": true,
        "speed_multiplier": 1.2
      },
      "minecraft:behavior.hurt_by_target": {
        "priority": 1
      },
      "minecraft:behavior.tempt": {
        "priority": 3,
        "speed_multiplier": 1.1,
        "items": [
          "seagrass"
        ]
      },
      "minecraft:behavior.move_to_water": {
        "priority": 4,
        "search_range": 16,
        "search_height": 5,
        "search_count": 1,
        "goal_radius": 0.1
      },
      "minecraft:behavior.random_swim": {
        "priority": 7,
        "interval": 0,
        "xz_dist": 30,
        "y_dist": 15
      },
      "minecraft:behavior.look_at_player": {
        "priority": 8,
        "target_distance": 6.0,
        "probability": 0.02
      }
    },

    "events": {
      "minecraft:entity_spawned": {
        "randomize": [
          {
            "weight": 9,
            "add": {
              "component_groups": [
                "minecraft:adult"
              ]
            }
          },
          {
            "weight": 1,
            "add": {
              "component_groups": [
                "minecraft:baby"
              ]
            }
          }
        ]
      },

      "minecraft:entity_born": {
        "add": {
          "component_groups": [
            "minecraft:baby"
          ]
        }
      },

      "minecraft:ageable_grow_up": {
        "remove": {
          "component_groups": [
            "minecraft:baby"
          ]
        },
        "add": {
          "component_groups": [
            "minecraft:adult"
          ]
        }
      },

      "minecraft:become_pregnant": {
        "add": {
          "component_groups": [
            "minecraft:pregnant"
          ]
        }
      },

      "minecraft:go_lay_egg": {
        "add": {
          "component_groups": [
            "minecraft:wants_to_lay_egg"
          ]
        },
        "remove": {
          "component_groups": [
            "minecraft:pregnant"
          ]
        }
      },

      "minecraft:laid_egg": {
        "remove": {
          "component_groups": [
            "minecraft:wants_to_lay_egg"
          ]
        }
      }
    }
  }
}
