{
  "animation.bat.scale": {
    "loop": true,
    "bones": {
      "head": { "scale": [ 0.35 ] },
      "body": { "scale": [ 0.35 ] }
    }
  },
  "animation.bat.resting": {
    "loop": true,
    "bones": {
      "head": {
        "rotation": [ "Params.Xrot", "180.0f - Params.Yrot", 180.0 ],
        "position": [ 0.0, -17.6, 0.0 ]
      },
      "body": {
        "rotation": [ 180.0, 0.0, 0.0 ],
        "position": [ 0.0, -17.6, 0.0 ]
      },
      "rightWing": {
        "position": [ -3.0, 0.0, 3.0 ],
        "rotation": [ -9.0, -72.0, 0.0 ]
      },
      "leftWing": {
        "position": [ 3.0, 0.0, 3.0 ],
        "rotation": [ -9.0, 72.0, 0.0 ]
      },
      "rightWingTip": {
        "rotation": [ 0.0, -99.0, 0.0 ]
      },
      "leftWingTip": {
        "rotation": [ 0.0, 99.0, 0.0 ]
      }
    }
  },
  "animation.bat.flying": {
    "loop": true,
    "bones": {
      "head": {
        "rotation": [ "Params.Xrot", "Params.Yrot", 0.0 ],
        "position": [ 0.0, "Math.cos(Params.Bob * 17.1887) * 1.6 - 16.0", 0.0 ]
      },
      "body": {
        "rotation": [ "45.0 - Math.cos(Params.Bob * 74.48) * 8.59", 0.0, 0.0 ],
        "position": [ 0.0, "Math.cos(Params.Bob * 17.1887) * 1.6 - 16.0", 0.0 ]
      },
      "rightWing": {
        "rotation": [ 0.0, "Math.cos(Params.Bob * 74.48) * 45.0", 0.0 ]
      },
      "leftWing": {
        "rotation": [ 0.0, "Math.cos(Params.Bob * 74.48) * -45.0", 0.0 ]
      },
      "rightWingTip": {
        "rotation": [ 0.0, "Math.cos(Params.Bob * 74.48) * 22.0", 0.0 ]
      },
      "leftWingTip": {
        "rotation": [ 0.0, "Math.cos(Params.Bob * 74.48) * -22.0", 0.0 ]
      }
    }
  }
}
