{
  "animation.blaze.move": {
    "loop": true,
    "bones": {
      "upperBodyParts0": { "position": [ "Math.cos(Params.Bob * -18.0        ) * 9.0", "2.0 + Math.cos((0 * 2 + Params.Bob) * 14.32)", "Math.sin(Params.Bob * -18.0        ) * 9.0" ] },
      "upperBodyParts1": { "position": [ "Math.cos(Params.Bob * -18.0 +  90.0) * 9.0", "2.0 + Math.cos((1 * 2 + Params.Bob) * 14.32)", "Math.sin(Params.Bob * -18.0 +  90.0) * 9.0" ] },
      "upperBodyParts2": { "position": [ "Math.cos(Params.Bob * -18.0 + 180.0) * 9.0", "2.0 + Math.cos((2 * 2 + Params.Bob) * 14.32)", "Math.sin(Params.Bob * -18.0 + 180.0) * 9.0" ] },
      "upperBodyParts3": { "position": [ "Math.cos(Params.Bob * -18.0 + 270.0) * 9.0", "2.0 + Math.cos((3 * 2 + Params.Bob) * 14.32)", "Math.sin(Params.Bob * -18.0 + 270.0) * 9.0" ] },

      "upperBodyParts4": { "position": [ "Math.cos(Params.Bob * 5.4 +  45.0) * 7.0", "-2.0 + Math.cos((4 * 2 + Params.Bob) * 14.32)", "Math.sin(Params.Bob * 5.4 +  45.0) * 7.0" ] },
      "upperBodyParts5": { "position": [ "Math.cos(Params.Bob * 5.4 + 135.0) * 7.0", "-2.0 + Math.cos((5 * 2 + Params.Bob) * 14.32)", "Math.sin(Params.Bob * 5.4 + 135.0) * 7.0" ] },
      "upperBodyParts6": { "position": [ "Math.cos(Params.Bob * 5.4 + 225.0) * 7.0", "-2.0 + Math.cos((6 * 2 + Params.Bob) * 14.32)", "Math.sin(Params.Bob * 5.4 + 225.0) * 7.0" ] },
      "upperBodyParts7": { "position": [ "Math.cos(Params.Bob * 5.4 + 315.0) * 7.0", "-2.0 + Math.cos((7 * 2 + Params.Bob) * 14.32)", "Math.sin(Params.Bob * 5.4 + 315.0) * 7.0" ] },

      "upperBodyParts8": { "position": [ "Math.cos(Params.Bob * -9.0 +  27.0) * 5.0", "-11.0 + Math.cos((8 * 1.5 + Params.Bob) * 14.32)", "Math.sin(Params.Bob * -9.0 +  27.0) * 5.0" ] },
      "upperBodyParts9": { "position": [ "Math.cos(Params.Bob * -9.0 + 117.0) * 5.0", "-11.0 + Math.cos((9 * 1.5 + Params.Bob) * 14.32)", "Math.sin(Params.Bob * -9.0 + 117.0) * 5.0" ] },
      "upperBodyParts10": { "position": [ "Math.cos(Params.Bob * -9.0 + 207.0) * 5.0", "-11.0 + Math.cos((10 * 1.5 + Params.Bob) * 14.32)", "Math.sin(Params.Bob * -9.0 + 207.0) * 5.0" ] },
      "upperBodyParts11": { "position": [ "Math.cos(Params.Bob * -9.0 + 297.0) * 5.0", "-11.0 + Math.cos((11 * 1.5 + Params.Bob) * 14.32)", "Math.sin(Params.Bob * -9.0 + 297.0) * 5.0" ] }
    }
  }
}