{
  "animation.chicken.general": {
    "loop": true,
    "bones": {
      "body": { "rotation": [ 90.0, 0.0, 0.0 ] },
      "head": { "rotation": [ "Params.Xrot", "Params.Yrot", 0.0 ] },
      "wing0": { "rotation": [ 0.0, 0.0, "Entity.WingFlap" ] },
      "wing1": { "rotation": [ 0.0, 0.0, "-Entity.WingFlap" ] }
    }
  },
  "animation.chicken.move": {
    "anim_time_update": "Entity.WalkAnimTime",
    "loop": true,
    "bones": {
      "leg0": { "rotation": [ "Math.cos(Params.AnimTime * 38.17) *  80.0", 0.0, 0.0 ] },
      "leg1": { "rotation": [ "Math.cos(Params.AnimTime * 38.17) * -80.0", 0.0, 0.0 ] }
    }
  },
  "animation.chicken.baby_transform": {
    "loop": true,
    "bones": {
      "head": {
        "scale": 2.0
      }
    }
  }
}