{
  "animation.sheep.baby_transform": {
    "loop": true,
    "bones": {
      "head": {
        "scale": 2.0,
        "position": [ 0.0, 4.0, 4.0 ]
      }
    }
  },
  "animation.sheep.grazing": {
    "loop": true,
    "bones": {
      "head": {
        "position": {
          "0.0": [ 0.0, 0.0, 0.0 ],
          "0.2": [ 0.0, -9.0, 0.0 ],
          "1.8": [ 0.0, -9.0, 0.0 ],
          "2.0": [ 0.0, 0.0, 0.0 ]
        },
        "rotation": {
          "0.2": {
            "pre": [ 36.0, 0.0, 0.0 ],
            "post": [ "180.0 * (0.2 + 0.07 * Math.sin(Params.KeyFrameLerpTime * 1644.39))", 0.0, 0.0 ],
            "lerp_mode": "linear"
          },
          "1.8": {
            "pre": [ "180.0 * (0.2 + 0.07 * Math.sin(Params.KeyFrameLerpTime * 1644.39))", 0.0, 0.0 ],
            "post": [ 36.0, 0.0, 0.0 ]
          }
        }
      }
    }
  },
  "animation.sheep.idle": {
    "loop": true,
    "bones": {
      "head": { "rotation": [ "Math.cos(Params.AnimTime * 38.17) * 2.0 + Math.cos(Params.AnimTime * 27.0) * 2.0", "Math.cos(Params.AnimTime * 15.1) * 4.0", 0.0 ] }
    }
  },
  "animation.sheep.walk": {
    "loop": true,
    "bones": {
      "leg0": {
        "rotation": {
          "0.0": [ 30.0, 0.0, 0.0 ],
          "0.1667": [ -30.0, 0.0, 0.0 ],
          "0.333": [ 30.0, 0.0, 0.0 ]
        }
      },
      "leg1": {
        "rotation": {
          "0.0": [ -30.0, 0.0, 0.0 ],
          "0.1667": [ 30.0, 0.0, 0.0 ],
          "0.333": [ -30.0, 0.0, 0.0 ]
        }
      },
      "leg2": {
        "rotation": {
          "0.0": [ -30.0, 0.0, 0.0 ],
          "0.1667": [ 30.0, 0.0, 0.0 ],
          "0.333": [ -30.0, 0.0, 0.0 ]
        }
      },
      "leg3": {
        "rotation": {
          "0.0": [ 30.0, 0.0, 0.0 ],
          "0.1667": [ -30.0, 0.0, 0.0 ],
          "0.333": [ 30.0, 0.0, 0.0 ]
        }
      }
    }
  },
  "animation.sheep.run": {
    "loop": true,
    "bones": {
      "leg0": {
        "rotation": {
          "0.0": [ 80.0, 0.0, 0.0 ],
          "0.1667": [ -80.0, 0.0, 0.0 ],
          "0.333": [ 80.0, 0.0, 0.0 ]
        }
      },
      "leg1": {
        "rotation": {
          "0.0": [ -80.0, 0.0, 0.0 ],
          "0.1667": [ 80.0, 0.0, 0.0 ],
          "0.333": [ -80.0, 0.0, 0.0 ]
        }
      },
      "leg2": {
        "rotation": {
          "0.0": [ -80.0, 0.0, 0.0 ],
          "0.1667": [ 80.0, 0.0, 0.0 ],
          "0.333": [ -80.0, 0.0, 0.0 ]
        }
      },
      "leg3": {
        "rotation": {
          "0.0": [ 80.0, 0.0, 0.0 ],
          "0.1667": [ -80.0, 0.0, 0.0 ],
          "0.333": [ 80.0, 0.0, 0.0 ]
        }
      },
      "head": {
        "rotation": [ 0.0, 0.0, 0.0 ]
      }
    }
  },
  "animation.sheep.turn_left": {
    "loop": true,
    "bones": {
      "leg0": {
        "rotation": {
          "0.0": [ 0.0, 0.0, -30.0 ],
          "0.50": [ 0.0, 0.0, 30.0 ],
          "1.00": [ 0.0, 0.0, -30.0 ]
        }
      },
      "leg1": {
        "rotation": {
          "0.0": [ 0.0, 0.0, 30.0 ],
          "0.50": [ 0.0, 0.0, -30.0 ],
          "1.00": [ 0.0, 0.0, 30.0 ]
        }
      },
      "leg2": {
        "rotation": {
          "0.0": [ 0.0, 0.0, 30.0 ],
          "0.50": [ 0.0, 0.0, -30.0 ],
          "1.00": [ 0.0, 0.0, 30.0 ]
        }
      },
      "leg3": {
        "rotation": {
          "0.0": [ 0.0, 0.0, -30.0 ],
          "0.50": [ 0.0, 0.0, 30.0 ],
          "1.00": [ 0.0, 0.0, -30.0 ]
        }
      }
    }
  },
  "animation.sheep.turn_right": {
    "loop": true,
    "bones": {
      "leg0": {
        "rotation": {
          "0.0": [ 0.0, 0.0, 30.0 ],
          "0.50": [ 0.0, 0.0, -30.0 ],
          "1.00": [ 0.0, 0.0, 30.0 ]
        }
      },
      "leg1": {
        "rotation": {
          "0.0": [ 0.0, 0.0, -30.0 ],
          "0.50": [ 0.0, 0.0, 30.0 ],
          "1.00": [ 0.0, 0.0, -30.0 ]
        }
      },
      "leg2": {
        "rotation": {
          "0.0": [ 0.0, 0.0, -30.0 ],
          "0.50": [ 0.0, 0.0, 30.0 ],
          "1.00": [ 0.0, 0.0, -30.0 ]
        }
      },
      "leg3": {
        "rotation": {
          "0.0": [ 0.0, 0.0, 30.0 ],
          "0.50": [ 0.0, 0.0, -30.0 ],
          "1.00": [ 0.0, 0.0, 30.0 ]
        }
      }
    }
  }
}