{
  "animation.cave_spider.scale": {
    "loop": true,
    "bones": {
      "body0": {
        "scale": [ "0.7" ]
      }
    }
  },
  "animation.spider.default_leg_pose": {
    "loop": true,
    "bones": {
      "leg0": { "rotation": [ 0.0, 45.0, -45.0 ] },
      "leg1": { "rotation": [ 0.0, -45.0, 45.0 ] },
      "leg2": { "rotation": [ 0.0, 22.5, -33.3 ] },
      "leg3": { "rotation": [ 0.0, -22.5, 33.3 ] },
      "leg4": { "rotation": [ 0.0, -22.5, -33.3 ] },
      "leg5": { "rotation": [ 0.0, 22.5, 33.3 ] },
      "leg6": { "rotation": [ 0.0, -45.0, -45.0 ] },
      "leg7": { "rotation": [ 0.0, 45.0, 45.0 ] }
    }
  },
  "animation.spider.look_at_target": {
    "loop": true,
    "bones": {
      "head": { "rotation": [ "Params.Xrot", "Params.Yrot", 0.0 ] }
    }
  },
  "animation.spider.walk": {
    "anim_time_update": "Entity.WalkAnimTime",
    "loop": true,
    "bones": {
      "leg0": { "rotation": [ 0.0, "-Math.abs(Math.cos(Params.AnimTime * 76.34 + 90 * 0) * 22.92)", "Math.abs(Math.sin(Params.AnimTime * 38.17 + 90 * 0) * 22.92)" ] },
      "leg1": { "rotation": [ 0.0, "Math.abs(Math.cos(Params.AnimTime * 76.34 + 90 * 0) * 22.92)", "-Math.abs(Math.sin(Params.AnimTime * 38.17 + 90 * 0) * 22.92)" ] },
      "leg2": { "rotation": [ 0.0, "-Math.abs(Math.cos(Params.AnimTime * 76.34 + 90 * 1) * 22.92)", "Math.abs(Math.sin(Params.AnimTime * 38.17 + 90 * 1) * 22.92)" ] },
      "leg3": { "rotation": [ 0.0, "Math.abs(Math.cos(Params.AnimTime * 76.34 + 90 * 1) * 22.92)", "-Math.abs(Math.sin(Params.AnimTime * 38.17 + 90 * 1) * 22.92)" ] },
      "leg4": { "rotation": [ 0.0, "-Math.abs(Math.cos(Params.AnimTime * 76.34 + 90 * 2) * 22.92)", "Math.abs(Math.sin(Params.AnimTime * 38.17 + 90 * 2) * 22.92)" ] },
      "leg5": { "rotation": [ 0.0, "Math.abs(Math.cos(Params.AnimTime * 76.34 + 90 * 2) * 22.92)", "-Math.abs(Math.sin(Params.AnimTime * 38.17 + 90 * 2) * 22.92)" ] },
      "leg6": { "rotation": [ 0.0, "-Math.abs(Math.cos(Params.AnimTime * 76.34 + 90 * 3) * 22.92)", "Math.abs(Math.sin(Params.AnimTime * 38.17 + 90 * 3) * 22.92)" ] },
      "leg7": { "rotation": [ 0.0, "Math.abs(Math.cos(Params.AnimTime * 76.34 + 90 * 3) * 22.92)", "-Math.abs(Math.sin(Params.AnimTime * 38.17 + 90 * 3) * 22.92)" ] }
    }
  }
}
