{
  "controller.animation.bat.general": {
    "states": {
      "default": {
        "animations": {
          "scale": []
        }
      }
    }
  },
  "controller.animation.bat.move": {
    "states": {
      "resting": {
        "animations": { "resting": [] },
        "transitions": [
          { "flying": "!Entity.Flags.RESTING" }
        ]
      },
      "flying": {
        "animations": { "flying": [] },
        "transitions": [
          { "resting": "Entity.Flags.RESTING" }
        ]
      }
    }
  }
}
