{
  "controller.animation.chicken.general": {
    "states": {
      "default": {
        "animations": {
          "general": {}
        }
      }
    }
  },
  "controller.animation.chicken.baby": {
    "states": {
      "baby": {
        "parameters": [ "Entity.Flags.BABY" ],
        "animations": {
          "baby_transform": [
            {
              "0.0": 0.0,
              "1.0": 1.0
            }
          ]
        }
      }
    }
  },
  "controller.animation.chicken.move": {
    "states": {
      "default": {
        "parameters": [ "Entity.WalkBlendAmount" ],
        "animations": {
          "move": [
            {
              "0.0": 0.0,
              "1.0": 1.0
            }
          ]
        }
      }
    }
  }
}