{
  "controller.animation.cow.baby": {
    "states": {
      "baby": {
        "parameters": [ "Entity.Flags.BABY" ],
        "animations": {
          "baby_transform": [
            {
              "0.0": 0.0,
              "1.0": 1.0
            }
          ]
        }
      }
    }
  },
  "controller.animation.cow.move": {
    "states": {
      "default": {
        "parameters": [ "Entity.WalkBlendAmount" ],
        "animations": {
          "walk": [
            {
              "0.0": 0.0,
              "1.0": 1.0
            }
          ],
          "look_at_target": {}
        }
      }
    }
  }
}