{
  "controller.animation.cave_spider.scale": {
    "states": {
      "default": {
        "animations": {
          "scale_spider": {}
        }
      }
    }
  },
  "controller.animation.spider.move": {
    "states": {
      "default": {
        "parameters": [ "Entity.WalkBlendAmount" ],
        "animations": {
          "default_leg_pose": {},
          "walk": [
            {
              "0.0": 0.0,
              "1.0": 1.0
            }
          ],
          "look_at_target": {}
        }
      }
    }
  }
}