{
  "definition.horse": {
    "textures": {
      "base_brown": "textures/entity/horse/horse_brown",
      "base_white": "textures/entity/horse/horse_white",
      "base_chestnut": "textures/entity/horse/horse_chestnut",
      "base_creamy": "textures/entity/horse/horse_creamy",
      "base_black": "textures/entity/horse/horse_black",
      "base_gray": "textures/entity/horse/horse_gray",
      "base_darkbrown": "textures/entity/horse/horse_darkbrown",
      "markings_none": "textures/entity/horse/horse_markings_none",
      "markings_white": "textures/entity/horse/horse_markings_white",
      "markings_whitefield": "textures/entity/horse/horse_markings_whitefield",
      "markings_whitedots": "textures/entity/horse/horse_markings_whitedots",
      "markings_blackdots": "textures/entity/horse/horse_markings_blackdots",
      "mule": "textures/entity/horse/mule",
      "donkey": "textures/entity/horse/donkey",
      "skeleton": "textures/entity/horse/horse_skeleton",
      "zombie": "textures/entity/horse/horse_zombie",
      "armor_none": "textures/entity/horse/armor/horse_armor_none",
      "armor_leather": "textures/entity/horse/armor/horse_armor_leather",
      "armor_iron": "textures/entity/horse/armor/horse_armor_iron",
      "armor_gold": "textures/entity/horse/armor/horse_armor_gold",
      "armor_diamond": "textures/entity/horse/armor/horse_armor_diamond"
    },
    "geometry": {
      "default": "geometry.horse"
    }
  }
}